,무기 종류,무기 이름,레벨,소재,모라
0,한손검,매의 검,20,"{'고탑 왕의 잔해': '5', '무거운 나팔': '5', '견고한 화살촉': '3'}",10000
1,한손검,매의 검,40,"{'고탑 왕의 절망': '5', '무거운 나팔': '18', '견고한 화살촉': '12'}",20000
2,한손검,매의 검,50,"{'고탑 왕의 절망': '9', '흑동 나팔': '9', '날카로운 화살촉': '9'}",30000
3,한손검,매의 검,60,"{'고탑 왕의 조각': '5', '흑동 나팔': '18', '날카로운 화살촉': '14'}",45000
4,한손검,매의 검,70,"{'고탑 왕의 조각': '9', '흑수정 나팔': '14', '역전의 화살촉': '9'}",55000
5,한손검,매의 검,80,"{'고탑 왕의 깨진 꿈': '6', '흑수정 나팔': '27', '역전의 화살촉': '18'}",65000
6,한손검,천공의 검,20,"{'칼바람 울프의 젖니': '5', '지맥의 낡은 가지': '5', '슬라임 응축액': '3'}",10000
7,한손검,천공의 검,40,"{'칼바람 울프의 이빨': '5', '지맥의 낡은 가지': '18', '슬라임 응축액': '12'}",20000
8,한손검,천공의 검,50,"{'칼바람 울프의 이빨': '9', '지맥의 마른 잎': '9', '슬라임청': '9'}",30000
9,한손검,천공의 검,60,"{'칼바람 울프의 부서진 이빨': '5', '지맥의 마른 잎': '18', '슬라임청': '14'}",45000
10,한손검,천공의 검,70,"{'칼바람 울프의 부서진 이빨': '9', '지맥의 새싹': '14', '슬라임 원액': '9'}",55000
11,한손검,천공의 검,80,"{'칼바람 울프의 그리운 고향': '6', '지맥의 새싹': '27', '슬라임 원액': '18'}",65000
12,한손검,참봉의 칼날,20,"{'고운한림의 매끄러운 모래': '5', '사냥꾼의 제도': '5', '부서진 가면': '3'}",10000
13,한손검,참봉의 칼날,40,"{'고운한림의 휘암': '5', '사냥꾼의 제도': '18', '부서진 가면': '12'}",20000
14,한손검,참봉의 칼날,50,"{'고운한림의 휘암': '9', '특수 요원의 제도': '9', '오염된 가면': '9'}",30000
15,한손검,참봉의 칼날,60,"{'고운한림의 해골': '5', '특수 요원의 제도': '18', '오염된 가면': '14'}",45000
16,한손검,참봉의 칼날,70,"{'고운한림의 해골': '9', '검사관의 제도': '14', '불길한 가면': '9'}",55000
17,한손검,참봉의 칼날,80,"{'고운한림의 신체': '6', '검사관의 제도': '27', '불길한 가면': '18'}",65000
18,한손검,반암결록,20,"{'안개구름 속의 흑연단': '5', '안개꽃 가루': '5', '보물찾기 까마귀 휘장': '3'}",10000
19,한손검,반암결록,40,"{'안개구름 속의 수은단': '5', '안개꽃 가루': '18', '보물찾기 까마귀 휘장': '12'}",20000
20,한손검,반암결록,50,"{'안개구름 속의 수은단': '9', '안개풀 주머니': '9', '실버 까마귀 휘장': '9'}",30000
21,한손검,반암결록,60,"{'안개구름 속의 금단': '5', '안개풀 주머니': '18', '실버 까마귀 휘장': '14'}",45000
22,한손검,반암결록,70,"{'안개구름 속의 금단': '9', '안개 등심': '14', '골드 까마귀 휘장': '9'}",55000
23,한손검,반암결록,80,"{'안개구름 속의 전환': '6', '안개 등심': '27', '골드 까마귀 휘장': '18'}",65000
24,한손검,페보니우스 검,20,"{'고탑 왕의 잔해': '3', '무거운 나팔': '3', '견고한 화살촉': '2'}",5000
25,한손검,페보니우스 검,40,"{'고탑 왕의 절망': '3', '무거운 나팔': '12', '견고한 화살촉': '8'}",15000
26,한손검,페보니우스 검,50,"{'고탑 왕의 절망': '6', '흑동 나팔': '6', '날카로운 화살촉': '6'}",20000
27,한손검,페보니우스 검,60,"{'고탑 왕의 조각': '3', '흑동 나팔': '12', '날카로운 화살촉': '9'}",30000
28,한손검,페보니우스 검,70,"{'고탑 왕의 조각': '6', '흑수정 나팔': '9', '역전의 화살촉': '6'}",35000
29,한손검,페보니우스 검,80,"{'고탑 왕의 깨진 꿈': '4', '흑수정 나팔': '18', '역전의 화살촉': '12'}",45000
30,한손검,피리검,20,"{'칼바람 울프의 젖니': '3', '지맥의 낡은 가지': '3', '슬라임 응축액': '2'}",5000
31,한손검,피리검,40,"{'칼바람 울프의 이빨': '3', '지맥의 낡은 가지': '12', '슬라임 응축액': '8'}",15000
32,한손검,피리검,50,"{'칼바람 울프의 이빨': '6', '지맥의 마른 잎': '6', '슬라임청': '6'}",20000
33,한손검,피리검,60,"{'칼바람 울프의 부서진 이빨': '3', '지맥의 마른 잎': '12', '슬라임청': '9'}",30000
34,한손검,피리검,70,"{'칼바람 울프의 부서진 이빨': '6', '지맥의 새싹': '9', '슬라임 원액': '6'}",35000
35,한손검,피리검,80,"{'칼바람 울프의 그리운 고향': '4', '지맥의 새싹': '18', '슬라임 원액': '12'}",45000
36,한손검,제례검,20,"{'라이언 투사의 족쇄': '3', '혼돈의 장치': '3', '이능 두루마리': '2'}",5000
37,한손검,제례검,40,"{'라이언 투사의 쇠사슬': '3', '혼돈의 장치': '12', '이능 두루마리': '8'}",15000
38,한손검,제례검,50,"{'라이언 투사의 쇠사슬': '6', '혼돈의 회로': '6', '봉마의 두루마리': '6'}",20000
39,한손검,제례검,60,"{'라이언 투사의 수갑': '3', '혼돈의 회로': '12', '봉마의 두루마리': '9'}",30000
40,한손검,제례검,70,"{'라이언 투사의 수갑': '6', '혼돈의 노심': '9', '금주의 두루마리': '6'}",35000
41,한손검,제례검,80,"{'라이언 투사의 이념': '4', '혼돈의 노심': '18', '금주의 두루마리': '12'}",45000
42,한손검,왕실의 장검,20,"{'고탑 왕의 잔해': '3', '무거운 나팔': '3', '부서진 가면': '2'}",5000
43,한손검,왕실의 장검,40,"{'고탑 왕의 절망': '3', '무거운 나팔': '12', '부서진 가면': '8'}",15000
44,한손검,왕실의 장검,50,"{'고탑 왕의 절망': '6', '흑동 나팔': '6', '오염된 가면': '6'}",20000
45,한손검,왕실의 장검,60,"{'고탑 왕의 조각': '3', '흑동 나팔': '12', '오염된 가면': '9'}",30000
46,한손검,왕실의 장검,70,"{'고탑 왕의 조각': '6', '흑수정 나팔': '9', '불길한 가면': '6'}",35000
47,한손검,왕실의 장검,80,"{'고탑 왕의 깨진 꿈': '4', '흑수정 나팔': '18', '불길한 가면': '12'}",45000
48,한손검,용의 포효,20,"{'고운한림의 매끄러운 모래': '3', '사냥꾼의 제도': '3', '보물찾기 까마귀 휘장': '2'}",5000
49,한손검,용의 포효,40,"{'고운한림의 휘암': '3', '사냥꾼의 제도': '12', '보물찾기 까마귀 휘장': '8'}",15000
50,한손검,용의 포효,50,"{'고운한림의 휘암': '6', '특수 요원의 제도': '6', '실버 까마귀 휘장': '6'}",20000
51,한손검,용의 포효,60,"{'고운한림의 해골': '3', '특수 요원의 제도': '12', '실버 까마귀 휘장': '9'}",30000
52,한손검,용의 포효,70,"{'고운한림의 해골': '6', '검사관의 제도': '9', '골드 까마귀 휘장': '6'}",35000
53,한손검,용의 포효,80,"{'고운한림의 신체': '4', '검사관의 제도': '18', '골드 까마귀 휘장': '12'}",45000
54,한손검,참암 프로토타입,20,"{'안개구름 속의 흑연단': '3', '안개꽃 가루': '3', '신병의 휘장': '2'}",5000
55,한손검,참암 프로토타입,40,"{'안개구름 속의 수은단': '3', '안개꽃 가루': '12', '신병의 휘장': '8'}",15000
56,한손검,참암 프로토타입,50,"{'안개구름 속의 수은단': '6', '안개풀 주머니': '6', '사관의 휘장': '6'}",20000
57,한손검,참암 프로토타입,60,"{'안개구름 속의 금단': '3', '안개풀 주머니': '12', '사관의 휘장': '9'}",30000
58,한손검,참암 프로토타입,70,"{'안개구름 속의 금단': '6', '안개 등심': '9', '위관의 휘장': '6'}",35000
59,한손검,참암 프로토타입,80,"{'안개구름 속의 전환': '4', '안개 등심': '18', '위관의 휘장': '12'}",45000
60,한손검,강철 벌침,20,"{'흑운철 한 알': '3', '약한 뼛조각': '3', '구라구라 꽃꿀': '2'}",5000
61,한손검,강철 벌침,40,"{'흑운철 조각': '3', '약한 뼛조각': '12', '구라구라 꽃꿀': '8'}",15000
62,한손검,강철 벌침,50,"{'흑운철 조각': '6', '단단한 뼛조각': '6', '반짝반짝 꽃꿀': '6'}",20000
63,한손검,강철 벌침,60,"{'흑운철 일각': '3', '단단한 뼛조각': '12', '반짝반짝 꽃꿀': '9'}",30000
64,한손검,강철 벌침,70,"{'흑운철 일각': '6', '석화한 뼛조각': '9', '원소 꽃꿀': '6'}",35000
65,한손검,강철 벌침,80,"{'흑운철 덩이': '4', '석화한 뼛조각': '18', '원소 꽃꿀': '12'}",45000
66,한손검,흑암 장검,20,"{'고운한림의 매끄러운 모래': '3', '사냥꾼의 제도': '3', '슬라임 응축액': '2'}",5000
67,한손검,흑암 장검,40,"{'고운한림의 휘암': '3', '사냥꾼의 제도': '12', '슬라임 응축액': '8'}",15000
68,한손검,흑암 장검,50,"{'고운한림의 휘암': '6', '특수 요원의 제도': '6', '슬라임청': '6'}",20000
69,한손검,흑암 장검,60,"{'고운한림의 해골': '3', '특수 요원의 제도': '12', '슬라임청': '9'}",30000
70,한손검,흑암 장검,70,"{'고운한림의 해골': '6', '검사관의 제도': '9', '슬라임 원액': '6'}",35000
71,한손검,흑암 장검,80,"{'고운한림의 신체': '4', '검사관의 제도': '18', '슬라임 원액': '12'}",45000
72,한손검,칠흑검,20,"{'칼바람 울프의 젖니': '3', '지맥의 낡은 가지': '3', '슬라임 응축액': '2'}",5000
73,한손검,칠흑검,40,"{'칼바람 울프의 이빨': '3', '지맥의 낡은 가지': '12', '슬라임 응축액': '8'}",15000
74,한손검,칠흑검,50,"{'칼바람 울프의 이빨': '6', '지맥의 마른 잎': '6', '슬라임청': '6'}",20000
75,한손검,칠흑검,60,"{'칼바람 울프의 부서진 이빨': '3', '지맥의 마른 잎': '12', '슬라임청': '9'}",30000
76,한손검,칠흑검,70,"{'칼바람 울프의 부서진 이빨': '6', '지맥의 새싹': '9', '슬라임 원액': '6'}",35000
77,한손검,칠흑검,80,"{'칼바람 울프의 그리운 고향': '4', '지맥의 새싹': '18', '슬라임 원액': '12'}",45000
78,한손검,강림의 검,20,"{'칼바람 울프의 젖니': '3', '지맥의 낡은 가지': '3', '신병의 휘장': '2'}",5000
79,한손검,강림의 검,40,"{'칼바람 울프의 이빨': '3', '지맥의 낡은 가지': '12', '신병의 휘장': '8'}",15000
80,한손검,강림의 검,50,"{'칼바람 울프의 이빨': '6', '지맥의 마른 잎': '6', '사관의 휘장': '6'}",20000
81,한손검,강림의 검,60,"{'칼바람 울프의 부서진 이빨': '3', '지맥의 마른 잎': '12', '사관의 휘장': '9'}",30000
82,한손검,강림의 검,70,"{'칼바람 울프의 부서진 이빨': '6', '지맥의 새싹': '9', '위관의 휘장': '6'}",35000
83,한손검,강림의 검,80,"{'칼바람 울프의 그리운 고향': '4', '지맥의 새싹': '18', '위관의 휘장': '12'}",45000
84,한손검,부식의 검,20,"{'라이언 투사의 족쇄': '3', '무거운 나팔': '3', '신병의 휘장': '2'}",5000
85,한손검,부식의 검,40,"{'라이언 투사의 쇠사슬': '3', '무거운 나팔': '12', '신병의 휘장': '8'}",15000
86,한손검,부식의 검,50,"{'라이언 투사의 쇠사슬': '6', '흑동 나팔': '6', '사관의 휘장': '6'}",20000
87,한손검,부식의 검,60,"{'라이언 투사의 수갑': '3', '흑동 나팔': '12', '사관의 휘장': '9'}",30000
88,한손검,부식의 검,70,"{'라이언 투사의 수갑': '6', '흑수정 나팔': '9', '위관의 휘장': '6'}",35000
89,한손검,부식의 검,80,"{'라이언 투사의 이념': '4', '흑수정 나팔': '18', '위관의 휘장': '12'}",45000
90,한손검,뒷골목의 섬광,20,{'파일:원신-정사각-배경-.png': '2'},5000
91,한손검,뒷골목의 섬광,40,{'파일:원신-정사각-배경-.png': '8'},15000
92,한손검,뒷골목의 섬광,50,{'파일:원신-정사각-배경-.png': '6'},20000
93,한손검,뒷골목의 섬광,60,{'파일:원신-정사각-배경-.png': '9'},30000
94,한손검,뒷골목의 섬광,70,{'파일:원신-정사각-배경-.png': '6'},35000
95,한손검,뒷골목의 섬광,80,{'파일:원신-정사각-배경-.png': '12'},45000
96,한손검,차가운 칼날,20,"{'고탑 왕의 잔해': '2', '무거운 나팔': '2', '견고한 화살촉': '1'}",5000
97,한손검,차가운 칼날,40,"{'고탑 왕의 절망': '2', '무거운 나팔': '8', '견고한 화살촉': '5'}",10000
98,한손검,차가운 칼날,50,"{'고탑 왕의 절망': '4', '흑동 나팔': '4', '날카로운 화살촉': '4'}",15000
99,한손검,차가운 칼날,60,"{'고탑 왕의 조각': '2', '흑동 나팔': '8', '날카로운 화살촉': '6'}",20000
100,한손검,차가운 칼날,70,"{'고탑 왕의 조각': '4', '흑수정 나팔': '6', '역전의 화살촉': '4'}",25000
101,한손검,차가운 칼날,80,"{'고탑 왕의 깨진 꿈': '3', '흑수정 나팔': '12', '역전의 화살촉': '8'}",30000
102,한손검,여명신검,20,"{'칼바람 울프의 젖니': '2', '지맥의 낡은 가지': '2', '슬라임 응축액': '1'}",5000
103,한손검,여명신검,40,"{'칼바람 울프의 이빨': '2', '지맥의 낡은 가지': '8', '슬라임 응축액': '5'}",10000
104,한손검,여명신검,50,"{'칼바람 울프의 이빨': '4', '지맥의 마른 잎': '4', '슬라임청': '4'}",15000
105,한손검,여명신검,60,"{'칼바람 울프의 부서진 이빨': '2', '지맥의 마른 잎': '8', '슬라임청': '6'}",20000
106,한손검,여명신검,70,"{'칼바람 울프의 부서진 이빨': '4', '지맥의 새싹': '6', '슬라임 원액': '4'}",25000
107,한손검,여명신검,80,"{'칼바람 울프의 그리운 고향': '3', '지맥의 새싹': '12', '슬라임 원액': '8'}",30000
108,한손검,여행자의 검,20,"{'라이언 투사의 족쇄': '2', '혼돈의 장치': '2', '이능 두루마리': '1'}",5000
109,한손검,여행자의 검,40,"{'라이언 투사의 쇠사슬': '2', '혼돈의 장치': '8', '이능 두루마리': '5'}",10000
110,한손검,여행자의 검,50,"{'라이언 투사의 쇠사슬': '4', '혼돈의 회로': '4', '봉마의 두루마리': '4'}",15000
111,한손검,여행자의 검,60,"{'라이언 투사의 수갑': '2', '혼돈의 회로': '8', '봉마의 두루마리': '6'}",20000
112,한손검,여행자의 검,70,"{'라이언 투사의 수갑': '4', '혼돈의 노심': '6', '금주의 두루마리': '4'}",25000
113,한손검,여행자의 검,80,"{'라이언 투사의 이념': '3', '혼돈의 노심': '12', '금주의 두루마리': '8'}",30000
114,한손검,흘호 생선회칼,20,"{'안개구름 속의 흑연단': '2', '안개꽃 가루': '2', '보물찾기 까마귀 휘장': '1'}",5000
115,한손검,흘호 생선회칼,40,"{'안개구름 속의 수은단': '2', '안개꽃 가루': '8', '보물찾기 까마귀 휘장': '5'}",10000
116,한손검,흘호 생선회칼,50,"{'안개구름 속의 수은단': '4', '안개풀 주머니': '4', '실버 까마귀 휘장': '4'}",15000
117,한손검,흘호 생선회칼,60,"{'안개구름 속의 금단': '2', '안개풀 주머니': '8', '실버 까마귀 휘장': '6'}",20000
118,한손검,흘호 생선회칼,70,"{'안개구름 속의 금단': '4', '안개 등심': '6', '골드 까마귀 휘장': '4'}",25000
119,한손검,흘호 생선회칼,80,"{'안개구름 속의 전환': '3', '안개 등심': '12', '골드 까마귀 휘장': '8'}",30000
120,한손검,비천어검,20,"{'흑운철 한 알': '2', '약한 뼛조각': '2', '신병의 휘장': '1'}",5000
121,한손검,비천어검,40,"{'흑운철 조각': '2', '약한 뼛조각': '8', '신병의 휘장': '5'}",10000
122,한손검,비천어검,50,"{'흑운철 조각': '4', '단단한 뼛조각': '4', '사관의 휘장': '4'}",15000
123,한손검,비천어검,60,"{'흑운철 일각': '2', '단단한 뼛조각': '8', '사관의 휘장': '6'}",20000
124,한손검,비천어검,70,"{'흑운철 일각': '4', '석화한 뼛조각': '6', '위관의 휘장': '4'}",25000
125,한손검,비천어검,80,"{'흑운철 덩이': '3', '석화한 뼛조각': '12', '위관의 휘장': '8'}",30000
126,한손검,암철검,20,"{'고운한림의 매끄러운 모래': '2', '사냥꾼의 제도': '2', '부서진 가면': '1'}",5000
127,한손검,암철검,40,"{'고운한림의 휘암': '2', '사냥꾼의 제도': '8', '부서진 가면': '5'}",10000
128,한손검,암철검,50,"{'고운한림의 휘암': '4', '특수 요원의 제도': '4', '오염된 가면': '4'}",15000
129,한손검,암철검,60,"{'고운한림의 해골': '2', '특수 요원의 제도': '8', '오염된 가면': '6'}",20000
130,한손검,암철검,70,"{'고운한림의 해골': '4', '검사관의 제도': '6', '불길한 가면': '4'}",25000
131,한손검,암철검,80,"{'고운한림의 신체': '3', '검사관의 제도': '12', '불길한 가면': '8'}",30000
132,한손검,실버 소드,20,"{'고탑 왕의 잔해': '1', '무거운 나팔': '1', '견고한 화살촉': '1'}",5000
133,한손검,실버 소드,40,"{'고탑 왕의 절망': '1', '무거운 나팔': '5', '견고한 화살촉': '4'}",5000
134,한손검,실버 소드,50,"{'고탑 왕의 절망': '3', '흑동 나팔': '3', '날카로운 화살촉': '3'}",10000
135,한손검,실버 소드,60,"{'고탑 왕의 조각': '1', '흑동 나팔': '5', '날카로운 화살촉': '4'}",15000
136,한손검,무인검,20,"{'고탑 왕의 잔해': '1', '무거운 나팔': '1', '견고한 화살촉': '1'}",0
137,한손검,무인검,40,"{'고탑 왕의 절망': '1', '무거운 나팔': '4', '견고한 화살촉': '2'}",5000
138,한손검,무인검,50,"{'고탑 왕의 절망': '2', '흑동 나팔': '2', '날카로운 화살촉': '2'}",5000
139,한손검,무인검,60,"{'고탑 왕의 조각': '1', '흑동 나팔': '4', '날카로운 화살촉': '3'}",10000
140,양손검,천공의 긍지,20,"{'칼바람 울프의 젖니': '5', '지맥의 낡은 가지': '5', '슬라임 응축액': '3'}",10000
141,양손검,천공의 긍지,40,"{'칼바람 울프의 이빨': '5', '지맥의 낡은 가지': '18', '슬라임 응축액': '12'}",20000
142,양손검,천공의 긍지,50,"{'칼바람 울프의 이빨': '9', '지맥의 마른 잎': '9', '슬라임청': '9'}",30000
143,양손검,천공의 긍지,60,"{'칼바람 울프의 부서진 이빨': '5', '지맥의 마른 잎': '18', '슬라임청': '14'}",45000
144,양손검,천공의 긍지,70,"{'칼바람 울프의 부서진 이빨': '9', '지맥의 새싹': '14', '슬라임 원액': '9'}",55000
145,양손검,천공의 긍지,80,"{'칼바람 울프의 그리운 고향': '6', '지맥의 새싹': '27', '슬라임 원액': '18'}",65000
146,양손검,늑대의 말로,20,"{'라이언 투사의 족쇄': '5', '혼돈의 장치': '5', '이능 두루마리': '3'}",10000
147,양손검,늑대의 말로,40,"{'라이언 투사의 쇠사슬': '5', '혼돈의 장치': '18', '이능 두루마리': '12'}",20000
148,양손검,늑대의 말로,50,"{'라이언 투사의 쇠사슬': '9', '혼돈의 회로': '9', '봉마의 두루마리': '9'}",30000
149,양손검,늑대의 말로,60,"{'라이언 투사의 수갑': '5', '혼돈의 회로': '18', '봉마의 두루마리': '14'}",45000
150,양손검,늑대의 말로,70,"{'라이언 투사의 수갑': '9', '혼돈의 노심': '14', '금주의 두루마리': '9'}",55000
151,양손검,늑대의 말로,80,"{'라이언 투사의 이념': '6', '혼돈의 노심': '27', '금주의 두루마리': '18'}",65000
152,양손검,무공의 검,20,"{'안개구름 속의 흑연단': '5', '안개꽃 가루': '5', '보물찾기 까마귀 휘장': '3'}",10000
153,양손검,무공의 검,40,"{'안개구름 속의 수은단': '5', '안개꽃 가루': '18', '보물찾기 까마귀 휘장': '12'}",20000
154,양손검,무공의 검,50,"{'안개구름 속의 수은단': '9', '안개풀 주머니': '9', '실버 까마귀 휘장': '9'}",30000
155,양손검,무공의 검,60,"{'안개구름 속의 금단': '5', '안개풀 주머니': '18', '실버 까마귀 휘장': '14'}",45000
156,양손검,무공의 검,70,"{'안개구름 속의 금단': '9', '안개 등심': '14', '골드 까마귀 휘장': '9'}",55000
157,양손검,무공의 검,80,"{'안개구름 속의 전환': '6', '안개 등심': '27', '골드 까마귀 휘장': '18'}",65000
158,양손검,페보니우스 대검,20,"{'라이언 투사의 족쇄': '3', '혼돈의 장치': '3', '신병의 휘장': '2'}",5000
159,양손검,페보니우스 대검,40,"{'라이언 투사의 쇠사슬': '3', '혼돈의 장치': '12', '신병의 휘장': '8'}",15000
160,양손검,페보니우스 대검,50,"{'라이언 투사의 쇠사슬': '6', '혼돈의 회로': '6', '사관의 휘장': '6'}",20000
161,양손검,페보니우스 대검,60,"{'라이언 투사의 수갑': '3', '혼돈의 회로': '12', '사관의 휘장': '9'}",30000
162,양손검,페보니우스 대검,70,"{'라이언 투사의 수갑': '6', '혼돈의 노심': '9', '위관의 휘장': '6'}",35000
163,양손검,페보니우스 대검,80,"{'라이언 투사의 이념': '4', '혼돈의 노심': '18', '위관의 휘장': '12'}",45000
164,양손검,시간의 검,20,"{'고탑 왕의 잔해': '3', '무거운 나팔': '3', '구라구라 꽃꿀': '2'}",5000
165,양손검,시간의 검,40,"{'고탑 왕의 절망': '3', '무거운 나팔': '12', '구라구라 꽃꿀': '8'}",15000
166,양손검,시간의 검,50,"{'고탑 왕의 절망': '6', '흑동 나팔': '6', '반짝반짝 꽃꿀': '6'}",20000
167,양손검,시간의 검,60,"{'고탑 왕의 조각': '3', '흑동 나팔': '12', '반짝반짝 꽃꿀': '9'}",30000
168,양손검,시간의 검,70,"{'고탑 왕의 조각': '6', '흑수정 나팔': '9', '원소 꽃꿀': '6'}",35000
169,양손검,시간의 검,80,"{'고탑 왕의 깨진 꿈': '4', '흑수정 나팔': '18', '원소 꽃꿀': '12'}",45000
170,양손검,제례 대검,20,"{'칼바람 울프의 젖니': '3', '지맥의 낡은 가지': '3', '견고한 화살촉': '2'}",5000
171,양손검,제례 대검,40,"{'칼바람 울프의 이빨': '3', '지맥의 낡은 가지': '12', '견고한 화살촉': '8'}",15000
172,양손검,제례 대검,50,"{'칼바람 울프의 이빨': '6', '지맥의 마른 잎': '6', '날카로운 화살촉': '6'}",20000
173,양손검,제례 대검,60,"{'칼바람 울프의 부서진 이빨': '3', '지맥의 마른 잎': '12', '날카로운 화살촉': '9'}",30000
174,양손검,제례 대검,70,"{'칼바람 울프의 부서진 이빨': '6', '지맥의 새싹': '9', '역전의 화살촉': '6'}",35000
175,양손검,제례 대검,80,"{'칼바람 울프의 그리운 고향': '4', '지맥의 새싹': '18', '역전의 화살촉': '12'}",45000
176,양손검,왕실의 대검,20,"{'라이언 투사의 족쇄': '3', '혼돈의 장치': '3', '슬라임 응축액': '2'}",5000
177,양손검,왕실의 대검,40,"{'라이언 투사의 쇠사슬': '3', '혼돈의 장치': '12', '슬라임 응축액': '8'}",15000
178,양손검,왕실의 대검,50,"{'라이언 투사의 쇠사슬': '6', '혼돈의 회로': '6', '슬라임청': '6'}",20000
179,양손검,왕실의 대검,60,"{'라이언 투사의 수갑': '3', '혼돈의 회로': '12', '슬라임청': '9'}",30000
180,양손검,왕실의 대검,70,"{'라이언 투사의 수갑': '6', '혼돈의 노심': '9', '슬라임 원액': '6'}",35000
181,양손검,왕실의 대검,80,"{'라이언 투사의 이념': '4', '혼돈의 노심': '18', '슬라임 원액': '12'}",45000
182,양손검,빗물 베기,20,"{'안개구름 속의 흑연단': '3', '안개꽃 가루': '3', '이능 두루마리': '2'}",5000
183,양손검,빗물 베기,40,"{'안개구름 속의 수은단': '3', '안개꽃 가루': '12', '이능 두루마리': '8'}",15000
184,양손검,빗물 베기,50,"{'안개구름 속의 수은단': '6', '안개풀 주머니': '6', '봉마의 두루마리': '6'}",20000
185,양손검,빗물 베기,60,"{'안개구름 속의 금단': '3', '안개풀 주머니': '12', '봉마의 두루마리': '9'}",30000
186,양손검,빗물 베기,70,"{'안개구름 속의 금단': '6', '안개 등심': '9', '금주의 두루마리': '6'}",35000
187,양손검,빗물 베기,80,"{'안개구름 속의 전환': '4', '안개 등심': '18', '금주의 두루마리': '12'}",45000
188,양손검,고화 프로토타입,20,"{'흑운철 한 알': '3', '약한 뼛조각': '3', '부서진 가면': '2'}",5000
189,양손검,고화 프로토타입,40,"{'흑운철 조각': '3', '약한 뼛조각': '12', '부서진 가면': '8'}",15000
190,양손검,고화 프로토타입,50,"{'흑운철 조각': '6', '단단한 뼛조각': '6', '오염된 가면': '6'}",20000
191,양손검,고화 프로토타입,60,"{'흑운철 일각': '3', '단단한 뼛조각': '12', '오염된 가면': '9'}",30000
192,양손검,고화 프로토타입,70,"{'흑운철 일각': '6', '석화한 뼛조각': '9', '불길한 가면': '6'}",35000
193,양손검,고화 프로토타입,80,"{'흑운철 덩이': '4', '석화한 뼛조각': '18', '불길한 가면': '12'}",45000
194,양손검,백영검,20,"{'고운한림의 매끄러운 모래': '3', '사냥꾼의 제도': '3', '보물찾기 까마귀 휘장': '2'}",5000
195,양손검,백영검,40,"{'고운한림의 휘암': '3', '사냥꾼의 제도': '12', '보물찾기 까마귀 휘장': '8'}",15000
196,양손검,백영검,50,"{'고운한림의 휘암': '6', '특수 요원의 제도': '6', '실버 까마귀 휘장': '6'}",20000
197,양손검,백영검,60,"{'고운한림의 해골': '3', '특수 요원의 제도': '12', '실버 까마귀 휘장': '9'}",30000
198,양손검,백영검,70,"{'고운한림의 해골': '6', '검사관의 제도': '9', '골드 까마귀 휘장': '6'}",35000
199,양손검,백영검,80,"{'고운한림의 신체': '4', '검사관의 제도': '18', '골드 까마귀 휘장': '12'}",45000
200,양손검,흑암참도,20,"{'안개구름 속의 흑연단': '3', '안개꽃 가루': '3', '신병의 휘장': '2'}",5000
201,양손검,흑암참도,40,"{'안개구름 속의 수은단': '3', '안개꽃 가루': '12', '신병의 휘장': '8'}",15000
202,양손검,흑암참도,50,"{'안개구름 속의 수은단': '6', '안개풀 주머니': '6', '사관의 휘장': '6'}",20000
203,양손검,흑암참도,60,"{'안개구름 속의 금단': '3', '안개풀 주머니': '12', '사관의 휘장': '9'}",30000
204,양손검,흑암참도,70,"{'안개구름 속의 금단': '6', '안개 등심': '9', '위관의 휘장': '6'}",35000
205,양손검,흑암참도,80,"{'안개구름 속의 전환': '4', '안개 등심': '18', '위관의 휘장': '12'}",45000
206,양손검,이무기 검,20,"{'흑운철 한 알': '3', '약한 뼛조각': '3', '구라구라 꽃꿀': '2'}",5000
207,양손검,이무기 검,40,"{'흑운철 조각': '3', '약한 뼛조각': '12', '구라구라 꽃꿀': '8'}",15000
208,양손검,이무기 검,50,"{'흑운철 조각': '6', '단단한 뼛조각': '6', '반짝반짝 꽃꿀': '6'}",20000
209,양손검,이무기 검,60,"{'흑운철 일각': '3', '단단한 뼛조각': '12', '반짝반짝 꽃꿀': '9'}",30000
210,양손검,이무기 검,70,"{'흑운철 일각': '6', '석화한 뼛조각': '9', '원소 꽃꿀': '6'}",35000
211,양손검,이무기 검,80,"{'흑운철 덩이': '4', '석화한 뼛조각': '18', '원소 꽃꿀': '12'}",45000
212,양손검,설장의 성은,20,"{'고탑 왕의 잔해': '3', '무거운 나팔': '3', '슬라임 응축액': '2'}",5000
213,양손검,설장의 성은,40,"{'고탑 왕의 절망': '3', '무거운 나팔': '12', '슬라임 응축액': '8'}",15000
214,양손검,설장의 성은,50,"{'고탑 왕의 절망': '6', '흑동 나팔': '6', '슬라임청': '6'}",20000
215,양손검,설장의 성은,60,"{'고탑 왕의 조각': '3', '흑동 나팔': '12', '슬라임청': '9'}",30000
216,양손검,설장의 성은,70,"{'고탑 왕의 조각': '6', '흑수정 나팔': '9', '슬라임 원액': '6'}",35000
217,양손검,설장의 성은,80,"{'고탑 왕의 깨진 꿈': '4', '흑수정 나팔': '18', '슬라임 원액': '12'}",45000
218,양손검,천암고검,20,"{'고운한림의 매끄러운 모래': '3', '사냥꾼의 제도': '3', '파일:원신-정사각-배경-단단한 화살촉.png': '2'}",5000
219,양손검,천암고검,40,"{'단단한 화살촉': '3', '고운한림의 휘암': '12', '사냥꾼의 제도': '8'}",15000
220,양손검,천암고검,50,"{'파일:원신-정사각-배경-단단한 화살촉.png': '6', '단단한 화살촉': '6', '고운한림의 휘암': '6'}",20000
221,양손검,천암고검,60,"{'특수 요원의 제도': '3', '날카로운 화살촉': '12', '고운한림의 해골': '9'}",30000
222,양손검,천암고검,70,"{'특수 요원의 제도': '6', '날카로운 화살촉': '9', '고운한림의 해골': '6'}",35000
223,양손검,천암고검,80,"{'검사관의 제도': '4', '역전의 화살촉': '18', '고운한림의 신체': '12'}",45000
224,양손검,강철의 그림자,20,"{'고탑 왕의 잔해': '2', '무거운 나팔': '2', '구라구라 꽃꿀': '1'}",5000
225,양손검,강철의 그림자,40,"{'고탑 왕의 절망': '2', '무거운 나팔': '8', '구라구라 꽃꿀': '5'}",10000
226,양손검,강철의 그림자,50,"{'고탑 왕의 절망': '4', '흑동 나팔': '4', '반짝반짝 꽃꿀': '4'}",15000
227,양손검,강철의 그림자,60,"{'고탑 왕의 조각': '2', '흑동 나팔': '8', '반짝반짝 꽃꿀': '6'}",20000
228,양손검,강철의 그림자,70,"{'고탑 왕의 조각': '4', '흑수정 나팔': '6', '원소 꽃꿀': '4'}",25000
229,양손검,강철의 그림자,80,"{'고탑 왕의 깨진 꿈': '3', '흑수정 나팔': '12', '원소 꽃꿀': '8'}",30000
230,양손검,드래곤 블러드 소드,20,"{'칼바람 울프의 젖니': '2', '지맥의 낡은 가지': '2', '견고한 화살촉': '1'}",5000
231,양손검,드래곤 블러드 소드,40,"{'칼바람 울프의 이빨': '2', '지맥의 낡은 가지': '8', '견고한 화살촉': '5'}",10000
232,양손검,드래곤 블러드 소드,50,"{'칼바람 울프의 이빨': '4', '지맥의 마른 잎': '4', '날카로운 화살촉': '4'}",15000
233,양손검,드래곤 블러드 소드,60,"{'칼바람 울프의 부서진 이빨': '2', '지맥의 마른 잎': '8', '날카로운 화살촉': '6'}",20000
234,양손검,드래곤 블러드 소드,70,"{'칼바람 울프의 부서진 이빨': '4', '지맥의 새싹': '6', '역전의 화살촉': '4'}",25000
235,양손검,드래곤 블러드 소드,80,"{'칼바람 울프의 그리운 고향': '3', '지맥의 새싹': '12', '역전의 화살촉': '8'}",30000
236,양손검,백철 대검,20,"{'라이언 투사의 족쇄': '2', '혼돈의 장치': '2', '슬라임 응축액': '1'}",5000
237,양손검,백철 대검,40,"{'라이언 투사의 쇠사슬': '2', '혼돈의 장치': '8', '슬라임 응축액': '5'}",10000
238,양손검,백철 대검,50,"{'라이언 투사의 쇠사슬': '4', '혼돈의 회로': '4', '슬라임청': '4'}",15000
239,양손검,백철 대검,60,"{'라이언 투사의 수갑': '2', '혼돈의 회로': '8', '슬라임청': '6'}",20000
240,양손검,백철 대검,70,"{'라이언 투사의 수갑': '4', '혼돈의 노심': '6', '슬라임 원액': '4'}",25000
241,양손검,백철 대검,80,"{'라이언 투사의 이념': '3', '혼돈의 노심': '12', '슬라임 원액': '8'}",30000
242,양손검,훌륭한 대화수단,20,"{'안개구름 속의 흑연단': '2', '안개꽃 가루': '2', '부서진 가면': '1'}",5000
243,양손검,훌륭한 대화수단,40,"{'안개구름 속의 수은단': '2', '안개꽃 가루': '8', '부서진 가면': '5'}",10000
244,양손검,훌륭한 대화수단,50,"{'안개구름 속의 수은단': '4', '안개풀 주머니': '4', '오염된 가면': '4'}",15000
245,양손검,훌륭한 대화수단,60,"{'안개구름 속의 금단': '2', '안개풀 주머니': '8', '오염된 가면': '6'}",20000
246,양손검,훌륭한 대화수단,70,"{'안개구름 속의 금단': '4', '안개 등심': '6', '불길한 가면': '4'}",25000
247,양손검,훌륭한 대화수단,80,"{'안개구름 속의 전환': '3', '안개 등심': '12', '불길한 가면': '8'}",30000
248,양손검,비천대어검,20,"{'흑운철 한 알': '2', '약한 뼛조각': '2', '보물찾기 까마귀 휘장': '1'}",5000
249,양손검,비천대어검,40,"{'흑운철 조각': '2', '약한 뼛조각': '8', '보물찾기 까마귀 휘장': '5'}",10000
250,양손검,비천대어검,50,"{'흑운철 조각': '4', '단단한 뼛조각': '4', '실버 까마귀 휘장': '4'}",15000
251,양손검,비천대어검,60,"{'흑운철 일각': '2', '단단한 뼛조각': '8', '실버 까마귀 휘장': '6'}",20000
252,양손검,비천대어검,70,"{'흑운철 일각': '4', '석화한 뼛조각': '6', '골드 까마귀 휘장': '4'}",25000
253,양손검,비천대어검,80,"{'흑운철 덩이': '3', '석화한 뼛조각': '12', '골드 까마귀 휘장': '8'}",30000
254,양손검,용병 중검,20,"{'칼바람 울프의 젖니': '1', '지맥의 낡은 가지': '1', '슬라임 응축액': '1'}",5000
255,양손검,용병 중검,40,"{'칼바람 울프의 이빨': '1', '지맥의 낡은 가지': '5', '슬라임 응축액': '4'}",5000
256,양손검,용병 중검,50,"{'칼바람 울프의 이빨': '3', '지맥의 마른 잎': '3', '슬라임청': '3'}",10000
257,양손검,용병 중검,60,"{'칼바람 울프의 부서진 이빨': '1', '지맥의 마른 잎': '5', '슬라임청': '4'}",15000
258,양손검,훈련용 대검,20,"{'칼바람 울프의 젖니': '1', '지맥의 낡은 가지': '1', '슬라임 응축액': '1'}",0
259,양손검,훈련용 대검,40,"{'칼바람 울프의 이빨': '1', '지맥의 낡은 가지': '4', '슬라임 응축액': '2'}",5000
260,양손검,훈련용 대검,50,"{'칼바람 울프의 이빨': '2', '지맥의 마른 잎': '2', '슬라임청': '2'}",5000
261,양손검,훈련용 대검,60,"{'칼바람 울프의 부서진 이빨': '1', '지맥의 마른 잎': '4', '슬라임청': '3'}",10000
262,법구,천공의 두루마리,20,"{'칼바람 울프의 젖니': '5', '지맥의 낡은 가지': '5', '견고한 화살촉': '3'}",10000
263,법구,천공의 두루마리,40,"{'칼바람 울프의 이빨': '5', '지맥의 낡은 가지': '18', '견고한 화살촉': '12'}",20000
264,법구,천공의 두루마리,50,"{'칼바람 울프의 이빨': '9', '지맥의 마른 잎': '9', '날카로운 화살촉': '9'}",30000
265,법구,천공의 두루마리,60,"{'칼바람 울프의 부서진 이빨': '5', '지맥의 마른 잎': '18', '날카로운 화살촉': '14'}",45000
266,법구,천공의 두루마리,70,"{'칼바람 울프의 부서진 이빨': '9', '지맥의 새싹': '14', '역전의 화살촉': '9'}",55000
267,법구,천공의 두루마리,80,"{'칼바람 울프의 그리운 고향': '6', '지맥의 새싹': '27', '역전의 화살촉': '18'}",65000
268,법구,사풍 원서,20,"{'라이언 투사의 족쇄': '5', '혼돈의 장치': '5', '슬라임 응축액': '3'}",10000
269,법구,사풍 원서,40,"{'라이언 투사의 쇠사슬': '5', '혼돈의 장치': '18', '슬라임 응축액': '12'}",20000
270,법구,사풍 원서,50,"{'라이언 투사의 쇠사슬': '9', '혼돈의 회로': '9', '슬라임청': '9'}",30000
271,법구,사풍 원서,60,"{'라이언 투사의 수갑': '5', '혼돈의 회로': '18', '슬라임청': '14'}",45000
272,법구,사풍 원서,70,"{'라이언 투사의 수갑': '9', '혼돈의 노심': '14', '슬라임 원액': '9'}",55000
273,법구,사풍 원서,80,"{'라이언 투사의 이념': '6', '혼돈의 노심': '27', '슬라임 원액': '18'}",65000
274,법구,속세의 자물쇠,20,"{'흑운철 한 알': '5', '약한 뼛조각': '5', '부서진 가면': '3'}",10000
275,법구,속세의 자물쇠,40,"{'흑운철 조각': '5', '약한 뼛조각': '18', '부서진 가면': '12'}",20000
276,법구,속세의 자물쇠,50,"{'흑운철 조각': '9', '단단한 뼛조각': '9', '오염된 가면': '9'}",30000
277,법구,속세의 자물쇠,60,"{'흑운철 일각': '5', '단단한 뼛조각': '18', '오염된 가면': '14'}",45000
278,법구,속세의 자물쇠,70,"{'흑운철 일각': '9', '석화한 뼛조각': '14', '불길한 가면': '9'}",55000
279,법구,속세의 자물쇠,80,"{'흑운철 덩이': '6', '석화한 뼛조각': '27', '불길한 가면': '18'}",65000
280,법구,페보니우스 비전,20,"{'고탑 왕의 잔해': '3', '무거운 나팔': '3', '이능 두루마리': '2'}",5000
281,법구,페보니우스 비전,40,"{'고탑 왕의 절망': '3', '무거운 나팔': '12', '이능 두루마리': '8'}",15000
282,법구,페보니우스 비전,50,"{'고탑 왕의 절망': '6', '흑동 나팔': '6', '봉마의 두루마리': '6'}",20000
283,법구,페보니우스 비전,60,"{'고탑 왕의 조각': '3', '흑동 나팔': '12', '봉마의 두루마리': '9'}",30000
284,법구,페보니우스 비전,70,"{'고탑 왕의 조각': '6', '흑수정 나팔': '9', '금주의 두루마리': '6'}",35000
285,법구,페보니우스 비전,80,"{'고탑 왕의 깨진 꿈': '4', '흑수정 나팔': '18', '금주의 두루마리': '12'}",45000
286,법구,음유시인의 악장,20,"{'칼바람 울프의 젖니': '3', '지맥의 낡은 가지': '3', '부서진 가면': '2'}",5000
287,법구,음유시인의 악장,40,"{'칼바람 울프의 이빨': '3', '지맥의 낡은 가지': '12', '부서진 가면': '8'}",15000
288,법구,음유시인의 악장,50,"{'칼바람 울프의 이빨': '6', '지맥의 마른 잎': '6', '오염된 가면': '6'}",20000
289,법구,음유시인의 악장,60,"{'칼바람 울프의 부서진 이빨': '3', '지맥의 마른 잎': '12', '오염된 가면': '9'}",30000
290,법구,음유시인의 악장,70,"{'칼바람 울프의 부서진 이빨': '6', '지맥의 새싹': '9', '불길한 가면': '6'}",35000
291,법구,음유시인의 악장,80,"{'칼바람 울프의 그리운 고향': '4', '지맥의 새싹': '18', '불길한 가면': '12'}",45000
292,법구,제례의 악장,20,"{'라이언 투사의 족쇄': '3', '혼돈의 장치': '3', '보물찾기 까마귀 휘장': '2'}",5000
293,법구,제례의 악장,40,"{'라이언 투사의 쇠사슬': '3', '혼돈의 장치': '12', '보물찾기 까마귀 휘장': '8'}",15000
294,법구,제례의 악장,50,"{'라이언 투사의 쇠사슬': '6', '혼돈의 회로': '6', '실버 까마귀 휘장': '6'}",20000
295,법구,제례의 악장,60,"{'라이언 투사의 수갑': '3', '혼돈의 회로': '12', '실버 까마귀 휘장': '9'}",30000
296,법구,제례의 악장,70,"{'라이언 투사의 수갑': '6', '혼돈의 노심': '9', '골드 까마귀 휘장': '6'}",35000
297,법구,제례의 악장,80,"{'라이언 투사의 이념': '4', '혼돈의 노심': '18', '골드 까마귀 휘장': '12'}",45000
298,법구,왕실의 비전록,20,"{'고탑 왕의 잔해': '3', '무거운 나팔': '3', '신병의 휘장': '2'}",5000
299,법구,왕실의 비전록,40,"{'고탑 왕의 절망': '3', '무거운 나팔': '12', '신병의 휘장': '8'}",15000
300,법구,왕실의 비전록,50,"{'고탑 왕의 절망': '6', '흑동 나팔': '6', '사관의 휘장': '6'}",20000
301,법구,왕실의 비전록,60,"{'고탑 왕의 조각': '3', '흑동 나팔': '12', '사관의 휘장': '9'}",30000
302,법구,왕실의 비전록,70,"{'고탑 왕의 조각': '6', '흑수정 나팔': '9', '위관의 휘장': '6'}",35000
303,법구,왕실의 비전록,80,"{'고탑 왕의 깨진 꿈': '4', '흑수정 나팔': '18', '위관의 휘장': '12'}",45000
304,법구,일월의 정수,20,"{'고운한림의 매끄러운 모래': '3', '사냥꾼의 제도': '3', '구라구라 꽃꿀': '2'}",5000
305,법구,일월의 정수,40,"{'고운한림의 휘암': '3', '사냥꾼의 제도': '12', '구라구라 꽃꿀': '8'}",15000
306,법구,일월의 정수,50,"{'고운한림의 휘암': '6', '특수 요원의 제도': '6', '반짝반짝 꽃꿀': '6'}",20000
307,법구,일월의 정수,60,"{'고운한림의 해골': '3', '특수 요원의 제도': '12', '반짝반짝 꽃꿀': '9'}",30000
308,법구,일월의 정수,70,"{'고운한림의 해골': '6', '검사관의 제도': '9', '원소 꽃꿀': '6'}",35000
309,법구,일월의 정수,80,"{'고운한림의 신체': '4', '검사관의 제도': '18', '원소 꽃꿀': '12'}",45000
310,법구,황금 호박 프로토타입,20,"{'안개구름 속의 흑연단': '3', '안개꽃 가루': '3', '견고한 화살촉': '2'}",5000
311,법구,황금 호박 프로토타입,40,"{'안개구름 속의 수은단': '3', '안개꽃 가루': '12', '견고한 화살촉': '8'}",15000
312,법구,황금 호박 프로토타입,50,"{'안개구름 속의 수은단': '6', '안개풀 주머니': '6', '날카로운 화살촉': '6'}",20000
313,법구,황금 호박 프로토타입,60,"{'안개구름 속의 금단': '3', '안개풀 주머니': '12', '날카로운 화살촉': '9'}",30000
314,법구,황금 호박 프로토타입,70,"{'안개구름 속의 금단': '6', '안개 등심': '9', '역전의 화살촉': '6'}",35000
315,법구,황금 호박 프로토타입,80,"{'안개구름 속의 전환': '4', '안개 등심': '18', '역전의 화살촉': '12'}",45000
316,법구,만국 항해용해도,20,"{'흑운철 한 알': '3', '약한 뼛조각': '3', '슬라임 응축액': '2'}",5000
317,법구,만국 항해용해도,40,"{'흑운철 조각': '3', '약한 뼛조각': '12', '슬라임 응축액': '8'}",15000
318,법구,만국 항해용해도,50,"{'흑운철 조각': '6', '단단한 뼛조각': '6', '슬라임청': '6'}",20000
319,법구,만국 항해용해도,60,"{'흑운철 일각': '3', '단단한 뼛조각': '12', '슬라임청': '9'}",30000
320,법구,만국 항해용해도,70,"{'흑운철 일각': '6', '석화한 뼛조각': '9', '슬라임 원액': '6'}",35000
321,법구,만국 항해용해도,80,"{'흑운철 덩이': '4', '석화한 뼛조각': '18', '슬라임 원액': '12'}",45000
322,법구,흑암 홍옥,20,"{'고운한림의 매끄러운 모래': '3', '사냥꾼의 제도': '3', '이능 두루마리': '2'}",5000
323,법구,흑암 홍옥,40,"{'고운한림의 휘암': '3', '사냥꾼의 제도': '12', '이능 두루마리': '8'}",15000
324,법구,흑암 홍옥,50,"{'고운한림의 휘암': '6', '특수 요원의 제도': '6', '봉마의 두루마리': '6'}",20000
325,법구,흑암 홍옥,60,"{'고운한림의 해골': '3', '특수 요원의 제도': '12', '봉마의 두루마리': '9'}",30000
326,법구,흑암 홍옥,70,"{'고운한림의 해골': '6', '검사관의 제도': '9', '금주의 두루마리': '6'}",35000
327,법구,흑암 홍옥,80,"{'고운한림의 신체': '4', '검사관의 제도': '18', '금주의 두루마리': '12'}",45000
328,법구,소심,20,"{'안개구름 속의 흑연단': '3', '안개꽃 가루': '3', '부서진 가면': '2'}",5000
329,법구,소심,40,"{'안개구름 속의 수은단': '3', '안개꽃 가루': '12', '부서진 가면': '8'}",15000
330,법구,소심,50,"{'안개구름 속의 수은단': '6', '안개풀 주머니': '6', '오염된 가면': '6'}",20000
331,법구,소심,60,"{'안개구름 속의 금단': '3', '안개풀 주머니': '12', '오염된 가면': '9'}",30000
332,법구,소심,70,"{'안개구름 속의 금단': '6', '안개 등심': '9', '불길한 가면': '6'}",35000
333,법구,소심,80,"{'안개구름 속의 전환': '4', '안개 등심': '18', '불길한 가면': '12'}",45000
334,법구,인동의 열매,20,"{'라이언 투사의 족쇄': '3', '혼돈의 장치': '3', '구라구라 꽃꿀': '2'}",5000
335,법구,인동의 열매,40,"{'라이언 투사의 쇠사슬': '3', '혼돈의 장치': '12', '구라구라 꽃꿀': '8'}",15000
336,법구,인동의 열매,50,"{'라이언 투사의 쇠사슬': '6', '혼돈의 회로': '6', '반짝반짝 꽃꿀': '6'}",20000
337,법구,인동의 열매,60,"{'라이언 투사의 수갑': '3', '혼돈의 회로': '12', '반짝반짝 꽃꿀': '9'}",30000
338,법구,인동의 열매,70,"{'라이언 투사의 수갑': '6', '혼돈의 노심': '9', '원소 꽃꿀': '6'}",35000
339,법구,인동의 열매,80,"{'라이언 투사의 이념': '4', '혼돈의 노심': '18', '원소 꽃꿀': '12'}",45000
340,법구,뒷골목의 술과 시,20,{'파일:원신-정사각-배경-.png': '2'},5000
341,법구,뒷골목의 술과 시,40,{'파일:원신-정사각-배경-.png': '8'},15000
342,법구,뒷골목의 술과 시,50,{'파일:원신-정사각-배경-.png': '6'},20000
343,법구,뒷골목의 술과 시,60,{'파일:원신-정사각-배경-.png': '9'},30000
344,법구,뒷골목의 술과 시,70,{'파일:원신-정사각-배경-.png': '6'},35000
345,법구,뒷골목의 술과 시,80,{'파일:원신-정사각-배경-.png': '12'},45000
346,법구,마도 서론,20,"{'고탑 왕의 잔해': '2', '무거운 나팔': '2', '슬라임 응축액': '1'}",5000
347,법구,마도 서론,40,"{'고탑 왕의 절망': '2', '무거운 나팔': '8', '슬라임 응축액': '5'}",10000
348,법구,마도 서론,50,"{'고탑 왕의 절망': '4', '흑동 나팔': '4', '슬라임청': '4'}",15000
349,법구,마도 서론,60,"{'고탑 왕의 조각': '2', '흑동 나팔': '8', '슬라임청': '6'}",20000
350,법구,마도 서론,70,"{'고탑 왕의 조각': '4', '흑수정 나팔': '6', '슬라임 원액': '4'}",25000
351,법구,마도 서론,80,"{'고탑 왕의 깨진 꿈': '3', '흑수정 나팔': '12', '슬라임 원액': '8'}",30000
352,법구,드래곤 슬레이어 영웅담,20,"{'칼바람 울프의 젖니': '2', '지맥의 낡은 가지': '2', '이능 두루마리': '1'}",5000
353,법구,드래곤 슬레이어 영웅담,40,"{'칼바람 울프의 이빨': '2', '지맥의 낡은 가지': '8', '이능 두루마리': '5'}",10000
354,법구,드래곤 슬레이어 영웅담,50,"{'칼바람 울프의 이빨': '4', '지맥의 마른 잎': '4', '봉마의 두루마리': '4'}",15000
355,법구,드래곤 슬레이어 영웅담,60,"{'칼바람 울프의 부서진 이빨': '2', '지맥의 마른 잎': '8', '봉마의 두루마리': '6'}",20000
356,법구,드래곤 슬레이어 영웅담,70,"{'칼바람 울프의 부서진 이빨': '4', '지맥의 새싹': '6', '금주의 두루마리': '4'}",25000
357,법구,드래곤 슬레이어 영웅담,80,"{'칼바람 울프의 그리운 고향': '3', '지맥의 새싹': '12', '금주의 두루마리': '8'}",30000
358,법구,이세계 여행기,20,"{'라이언 투사의 족쇄': '2', '혼돈의 장치': '2', '부서진 가면': '1'}",5000
359,법구,이세계 여행기,40,"{'라이언 투사의 쇠사슬': '2', '혼돈의 장치': '8', '부서진 가면': '5'}",10000
360,법구,이세계 여행기,50,"{'라이언 투사의 쇠사슬': '4', '혼돈의 회로': '4', '오염된 가면': '4'}",15000
361,법구,이세계 여행기,60,"{'라이언 투사의 수갑': '2', '혼돈의 회로': '8', '오염된 가면': '6'}",20000
362,법구,이세계 여행기,70,"{'라이언 투사의 수갑': '4', '혼돈의 노심': '6', '불길한 가면': '4'}",25000
363,법구,이세계 여행기,80,"{'라이언 투사의 이념': '3', '혼돈의 노심': '12', '불길한 가면': '8'}",30000
364,법구,비취 오브,20,"{'고운한림의 매끄러운 모래': '2', '사냥꾼의 제도': '2', '보물찾기 까마귀 휘장': '1'}",5000
365,법구,비취 오브,40,"{'고운한림의 휘암': '2', '사냥꾼의 제도': '8', '보물찾기 까마귀 휘장': '5'}",10000
366,법구,비취 오브,50,"{'고운한림의 휘암': '4', '특수 요원의 제도': '4', '실버 까마귀 휘장': '4'}",15000
367,법구,비취 오브,60,"{'고운한림의 해골': '2', '특수 요원의 제도': '8', '실버 까마귀 휘장': '6'}",20000
368,법구,비취 오브,70,"{'고운한림의 해골': '4', '검사관의 제도': '6', '골드 까마귀 휘장': '4'}",25000
369,법구,비취 오브,80,"{'고운한림의 신체': '3', '검사관의 제도': '12', '골드 까마귀 휘장': '8'}",30000
370,법구,1급 보옥,20,"{'안개구름 속의 흑연단': '2', '안개꽃 가루': '2', '신병의 휘장': '1'}",5000
371,법구,1급 보옥,40,"{'안개구름 속의 수은단': '2', '안개꽃 가루': '8', '신병의 휘장': '5'}",10000
372,법구,1급 보옥,50,"{'안개구름 속의 수은단': '4', '안개풀 주머니': '4', '사관의 휘장': '4'}",15000
373,법구,1급 보옥,60,"{'안개구름 속의 금단': '2', '안개풀 주머니': '8', '사관의 휘장': '6'}",20000
374,법구,1급 보옥,70,"{'안개구름 속의 금단': '4', '안개 등심': '6', '위관의 휘장': '4'}",25000
375,법구,1급 보옥,80,"{'안개구름 속의 전환': '3', '안개 등심': '12', '위관의 휘장': '8'}",30000
376,법구,포켓 주술서,20,"{'고탑 왕의 잔해': '1', '무거운 나팔': '1', '부서진 가면': '1'}",5000
377,법구,포켓 주술서,40,"{'고탑 왕의 절망': '1', '무거운 나팔': '5', '부서진 가면': '4'}",5000
378,법구,포켓 주술서,50,"{'고탑 왕의 절망': '3', '흑동 나팔': '3', '오염된 가면': '3'}",10000
379,법구,포켓 주술서,60,"{'고탑 왕의 조각': '1', '흑동 나팔': '5', '오염된 가면': '4'}",15000
380,법구,학도의 노트,20,"{'고탑 왕의 잔해': '1', '무거운 나팔': '1', '부서진 가면': '1'}",0
381,법구,학도의 노트,40,"{'고탑 왕의 절망': '1', '무거운 나팔': '4', '부서진 가면': '2'}",5000
382,법구,학도의 노트,50,"{'고탑 왕의 절망': '2', '흑동 나팔': '2', '오염된 가면': '2'}",5000
383,법구,학도의 노트,60,"{'고탑 왕의 조각': '1', '흑동 나팔': '4', '오염된 가면': '3'}",10000
384,장병기,화박연,20,"{'고운한림의 매끄러운 모래': '5', '사냥꾼의 제도': '5', '신병의 휘장': '3'}",10000
385,장병기,화박연,40,"{'고운한림의 휘암': '5', '사냥꾼의 제도': '18', '신병의 휘장': '12'}",20000
386,장병기,화박연,50,"{'고운한림의 휘암': '9', '특수 요원의 제도': '9', '사관의 휘장': '9'}",30000
387,장병기,화박연,60,"{'고운한림의 해골': '5', '특수 요원의 제도': '18', '사관의 휘장': '14'}",45000
388,장병기,화박연,70,"{'고운한림의 해골': '9', '검사관의 제도': '14', '위관의 휘장': '9'}",55000
389,장병기,화박연,80,"{'고운한림의 신체': '6', '검사관의 제도': '27', '위관의 휘장': '18'}",65000
390,장병기,천공의 마루,20,"{'라이언 투사의 족쇄': '5', '혼돈의 장치': '5', '이능 두루마리': '3'}",10000
391,장병기,천공의 마루,40,"{'라이언 투사의 쇠사슬': '5', '혼돈의 장치': '18', '이능 두루마리': '12'}",20000
392,장병기,천공의 마루,50,"{'라이언 투사의 쇠사슬': '9', '혼돈의 회로': '9', '봉마의 두루마리': '9'}",30000
393,장병기,천공의 마루,60,"{'라이언 투사의 수갑': '5', '혼돈의 회로': '18', '봉마의 두루마리': '14'}",45000
394,장병기,천공의 마루,70,"{'라이언 투사의 수갑': '9', '혼돈의 노심': '14', '금주의 두루마리': '9'}",55000
395,장병기,천공의 마루,80,"{'라이언 투사의 이념': '6', '혼돈의 노심': '27', '금주의 두루마리': '18'}",65000
396,장병기,관홍의 창,20,"{'흑운철 한 알': '5', '약한 뼛조각': '5', '보물찾기 까마귀 휘장': '3'}",10000
397,장병기,관홍의 창,40,"{'흑운철 조각': '5', '약한 뼛조각': '18', '보물찾기 까마귀 휘장': '12'}",20000
398,장병기,관홍의 창,50,"{'흑운철 조각': '9', '단단한 뼛조각': '9', '실버 까마귀 휘장': '9'}",30000
399,장병기,관홍의 창,60,"{'흑운철 일각': '5', '단단한 뼛조각': '18', '실버 까마귀 휘장': '14'}",45000
400,장병기,관홍의 창,70,"{'흑운철 일각': '9', '석화한 뼛조각': '14', '골드 까마귀 휘장': '9'}",55000
401,장병기,관홍의 창,80,"{'흑운철 덩이': '6', '석화한 뼛조각': '27', '골드 까마귀 휘장': '18'}",65000
402,장병기,호마의 지팡이,20,"{'흑운철 한 알': '5', '지맥의 낡은 가지': '5', '슬라임 응축액': '3'}",10000
403,장병기,호마의 지팡이,40,"{'흑운철 조각': '5', '지맥의 낡은 가지': '18', '슬라임 응축액': '12'}",20000
404,장병기,호마의 지팡이,50,"{'흑운철 조각': '9', '파일:원신-정사각-배경-지맥의 낡은 잎.png': '9', '지맥의 낡은 잎': '9'}",30000
405,장병기,호마의 지팡이,60,"{'슬라임청': '5', '흑운철 일각': '18', '파일:원신-정사각-배경-지맥의 낡은 잎.png': '14'}",45000
406,장병기,호마의 지팡이,70,"{'지맥의 낡은 잎': '9', '슬라임청': '14', '흑운철 일각': '9'}",55000
407,장병기,호마의 지팡이,80,"{'지맥의 새싹': '6', '슬라임 원액': '27', '흑운철 덩이': '18'}",65000
408,장병기,용학살창,20,"{'안개구름 속의 흑연단': '3', '안개꽃 가루': '3', '이능 두루마리': '2'}",5000
409,장병기,용학살창,40,"{'안개구름 속의 수은단': '3', '안개꽃 가루': '12', '이능 두루마리': '8'}",15000
410,장병기,용학살창,50,"{'안개구름 속의 수은단': '6', '안개풀 주머니': '6', '봉마의 두루마리': '6'}",20000
411,장병기,용학살창,60,"{'안개구름 속의 금단': '3', '안개풀 주머니': '12', '봉마의 두루마리': '9'}",30000
412,장병기,용학살창,70,"{'안개구름 속의 금단': '6', '안개 등심': '9', '금주의 두루마리': '6'}",35000
413,장병기,용학살창,80,"{'안개구름 속의 전환': '4', '안개 등심': '18', '금주의 두루마리': '12'}",45000
414,장병기,별의 낫 프로토타입,20,"{'흑운철 한 알': '3', '약한 뼛조각': '3', '부서진 가면': '2'}",5000
415,장병기,별의 낫 프로토타입,40,"{'흑운철 조각': '3', '약한 뼛조각': '12', '부서진 가면': '8'}",15000
416,장병기,별의 낫 프로토타입,50,"{'흑운철 조각': '6', '단단한 뼛조각': '6', '오염된 가면': '6'}",20000
417,장병기,별의 낫 프로토타입,60,"{'흑운철 일각': '3', '단단한 뼛조각': '12', '오염된 가면': '9'}",30000
418,장병기,별의 낫 프로토타입,70,"{'흑운철 일각': '6', '석화한 뼛조각': '9', '불길한 가면': '6'}",35000
419,장병기,별의 낫 프로토타입,80,"{'흑운철 덩이': '4', '석화한 뼛조각': '18', '불길한 가면': '12'}",45000
420,장병기,유월창,20,"{'고운한림의 매끄러운 모래': '3', '사냥꾼의 제도': '3', '보물찾기 까마귀 휘장': '2'}",5000
421,장병기,유월창,40,"{'고운한림의 휘암': '3', '사냥꾼의 제도': '12', '보물찾기 까마귀 휘장': '8'}",15000
422,장병기,유월창,50,"{'고운한림의 휘암': '6', '특수 요원의 제도': '6', '실버 까마귀 휘장': '6'}",20000
423,장병기,유월창,60,"{'고운한림의 해골': '3', '특수 요원의 제도': '12', '실버 까마귀 휘장': '9'}",30000
424,장병기,유월창,70,"{'고운한림의 해골': '6', '검사관의 제도': '9', '골드 까마귀 휘장': '6'}",35000
425,장병기,유월창,80,"{'고운한림의 신체': '4', '검사관의 제도': '18', '골드 까마귀 휘장': '12'}",45000
426,장병기,흑암창,20,"{'안개구름 속의 흑연단': '3', '안개꽃 가루': '3', '신병의 휘장': '2'}",5000
427,장병기,흑암창,40,"{'안개구름 속의 수은단': '3', '안개꽃 가루': '12', '신병의 휘장': '8'}",15000
428,장병기,흑암창,50,"{'안개구름 속의 수은단': '6', '안개풀 주머니': '6', '사관의 휘장': '6'}",20000
429,장병기,흑암창,60,"{'안개구름 속의 금단': '3', '안개풀 주머니': '12', '사관의 휘장': '9'}",30000
430,장병기,흑암창,70,"{'안개구름 속의 금단': '6', '안개 등심': '9', '위관의 휘장': '6'}",35000
431,장병기,흑암창,80,"{'안개구름 속의 전환': '4', '안개 등심': '18', '위관의 휘장': '12'}",45000
432,장병기,결투의 창,20,"{'칼바람 울프의 젖니': '3', '지맥의 낡은 가지': '3', '구라구라 꽃꿀': '2'}",5000
433,장병기,결투의 창,40,"{'칼바람 울프의 이빨': '3', '지맥의 낡은 가지': '12', '구라구라 꽃꿀': '8'}",15000
434,장병기,결투의 창,50,"{'칼바람 울프의 이빨': '6', '지맥의 마른 잎': '6', '반짝반짝 꽃꿀': '6'}",20000
435,장병기,결투의 창,60,"{'칼바람 울프의 부서진 이빨': '3', '지맥의 마른 잎': '12', '반짝반짝 꽃꿀': '9'}",30000
436,장병기,결투의 창,70,"{'칼바람 울프의 부서진 이빨': '6', '지맥의 새싹': '9', '원소 꽃꿀': '6'}",35000
437,장병기,결투의 창,80,"{'칼바람 울프의 그리운 고향': '4', '지맥의 새싹': '18', '원소 꽃꿀': '12'}",45000
438,장병기,페보니우스 장창,20,"{'라이언 투사의 족쇄': '3', '혼돈의 장치': '3', '슬라임 응축액': '2'}",5000
439,장병기,페보니우스 장창,40,"{'라이언 투사의 쇠사슬': '3', '혼돈의 장치': '12', '슬라임 응축액': '8'}",15000
440,장병기,페보니우스 장창,50,"{'라이언 투사의 쇠사슬': '6', '혼돈의 회로': '6', '슬라임청': '6'}",20000
441,장병기,페보니우스 장창,60,"{'라이언 투사의 수갑': '3', '혼돈의 회로': '12', '슬라임청': '9'}",30000
442,장병기,페보니우스 장창,70,"{'라이언 투사의 수갑': '6', '혼돈의 노심': '9', '슬라임 원액': '6'}",35000
443,장병기,페보니우스 장창,80,"{'라이언 투사의 이념': '4', '혼돈의 노심': '18', '슬라임 원액': '12'}",45000
444,장병기,왕실의 장창,20,"{'안개구름 속의 흑연단': '3', '안개꽃 가루': '3', '신병의 휘장': '2'}",5000
445,장병기,왕실의 장창,40,"{'안개구름 속의 수은단': '3', '안개꽃 가루': '12', '신병의 휘장': '8'}",15000
446,장병기,왕실의 장창,50,"{'안개구름 속의 수은단': '6', '안개풀 주머니': '6', '사관의 휘장': '6'}",20000
447,장병기,왕실의 장창,60,"{'안개구름 속의 금단': '3', '안개풀 주머니': '12', '사관의 휘장': '9'}",30000
448,장병기,왕실의 장창,70,"{'안개구름 속의 금단': '6', '안개 등심': '9', '위관의 휘장': '6'}",35000
449,장병기,왕실의 장창,80,"{'안개구름 속의 전환': '4', '안개 등심': '18', '위관의 휘장': '12'}",45000
450,장병기,용의 척추,20,"{'칼바람 울프의 젖니': '3', '안개꽃 가루': '3', '신병의 휘장': '2'}",5000
451,장병기,용의 척추,40,"{'칼바람 울프의 이빨': '3', '안개꽃 가루': '12', '신병의 휘장': '8'}",15000
452,장병기,용의 척추,50,"{'칼바람 울프의 이빨': '6', '안개풀 주머니': '6', '사관의 휘장': '6'}",20000
453,장병기,용의 척추,60,"{'칼바람 울프의 부서진 이빨': '3', '안개풀 주머니': '12', '사관의 휘장': '9'}",30000
454,장병기,용의 척추,70,"{'칼바람 울프의 부서진 이빨': '6', '안개 등심': '9', '위관의 휘장': '6'}",35000
455,장병기,용의 척추,80,"{'칼바람 울프의 그리운 고향': '4', '안개 등심': '18', '위관의 휘장': '12'}",45000
456,장병기,천암장창,20,"{'흑운철 한 알': '3', '약한 뼛조각': '3', '파일:원신-정사각-배경-단단한 화살촉.png': '2'}",5000
457,장병기,천암장창,40,"{'단단한 화살촉': '3', '흑운철 조각': '12', '약한 뼛조각': '8'}",15000
458,장병기,천암장창,50,"{'파일:원신-정사각-배경-단단한 화살촉.png': '6', '단단한 화살촉': '6', '흑운철 조각': '6'}",20000
459,장병기,천암장창,60,"{'단단한 뼛조각': '3', '날카로운 화살촉': '12', '흑운철 일각': '9'}",30000
460,장병기,천암장창,70,"{'단단한 뼛조각': '6', '날카로운 화살촉': '9', '흑운철 일각': '6'}",35000
461,장병기,천암장창,80,"{'석화한 뼛조각': '4', '역전의 화살촉': '18', '흑운철 덩이': '12'}",45000
462,장병기,백술창,20,"{'고운한림의 매끄러운 모래': '2', '사냥꾼의 제도': '2', '신병의 휘장': '1'}",5000
463,장병기,백술창,40,"{'고운한림의 휘암': '2', '사냥꾼의 제도': '8', '신병의 휘장': '5'}",10000
464,장병기,백술창,50,"{'고운한림의 휘암': '4', '특수 요원의 제도': '4', '사관의 휘장': '4'}",15000
465,장병기,백술창,60,"{'고운한림의 해골': '2', '특수 요원의 제도': '8', '사관의 휘장': '6'}",20000
466,장병기,백술창,70,"{'고운한림의 해골': '4', '검사관의 제도': '6', '위관의 휘장': '4'}",25000
467,장병기,백술창,80,"{'고운한림의 신체': '3', '검사관의 제도': '12', '위관의 휘장': '8'}",30000
468,장병기,미늘창,20,"{'안개구름 속의 흑연단': '2', '안개꽃 가루': '2', '구라구라 꽃꿀': '1'}",5000
469,장병기,미늘창,40,"{'안개구름 속의 수은단': '2', '안개꽃 가루': '8', '구라구라 꽃꿀': '5'}",10000
470,장병기,미늘창,50,"{'안개구름 속의 수은단': '4', '안개풀 주머니': '4', '반짝반짝 꽃꿀': '4'}",15000
471,장병기,미늘창,60,"{'안개구름 속의 금단': '2', '안개풀 주머니': '8', '반짝반짝 꽃꿀': '6'}",20000
472,장병기,미늘창,70,"{'안개구름 속의 금단': '4', '안개 등심': '6', '원소 꽃꿀': '4'}",25000
473,장병기,미늘창,80,"{'안개구름 속의 전환': '3', '안개 등심': '12', '원소 꽃꿀': '8'}",30000
474,장병기,흑술창,20,"{'흑운철 한 알': '2', '약한 뼛조각': '2', '견고한 화살촉': '1'}",5000
475,장병기,흑술창,40,"{'흑운철 조각': '2', '약한 뼛조각': '8', '견고한 화살촉': '5'}",10000
476,장병기,흑술창,50,"{'흑운철 조각': '4', '단단한 뼛조각': '4', '날카로운 화살촉': '4'}",15000
477,장병기,흑술창,60,"{'흑운철 일각': '2', '단단한 뼛조각': '8', '날카로운 화살촉': '6'}",20000
478,장병기,흑술창,70,"{'흑운철 일각': '4', '석화한 뼛조각': '6', '역전의 화살촉': '4'}",25000
479,장병기,흑술창,80,"{'흑운철 덩이': '3', '석화한 뼛조각': '12', '역전의 화살촉': '8'}",30000
480,장병기,철촉창,20,"{'라이언 투사의 족쇄': '1', '혼돈의 장치': '1', '이능 두루마리': '1'}",5000
481,장병기,철촉창,40,"{'라이언 투사의 쇠사슬': '1', '혼돈의 장치': '5', '이능 두루마리': '4'}",5000
482,장병기,철촉창,50,"{'라이언 투사의 쇠사슬': '3', '혼돈의 회로': '3', '봉마의 두루마리': '3'}",10000
483,장병기,철촉창,60,"{'라이언 투사의 수갑': '1', '혼돈의 회로': '5', '봉마의 두루마리': '4'}",15000
484,장병기,초보자의 장창,20,"{'라이언 투사의 족쇄': '1', '혼돈의 장치': '1', '이능 두루마리': '1'}",0
485,장병기,초보자의 장창,40,"{'라이언 투사의 쇠사슬': '1', '혼돈의 장치': '4', '이능 두루마리': '2'}",5000
486,장병기,초보자의 장창,50,"{'라이언 투사의 쇠사슬': '2', '혼돈의 회로': '2', '봉마의 두루마리': '2'}",5000
487,장병기,초보자의 장창,60,"{'라이언 투사의 수갑': '1', '혼돈의 회로': '4', '봉마의 두루마리': '3'}",10000
488,활,천공의 날개,20,"{'칼바람 울프의 젖니': '5', '지맥의 낡은 가지': '5', '견고한 화살촉': '3'}",10000
489,활,천공의 날개,40,"{'칼바람 울프의 이빨': '5', '지맥의 낡은 가지': '18', '견고한 화살촉': '12'}",20000
490,활,천공의 날개,50,"{'칼바람 울프의 이빨': '9', '지맥의 마른 잎': '9', '날카로운 화살촉': '9'}",30000
491,활,천공의 날개,60,"{'칼바람 울프의 부서진 이빨': '5', '지맥의 마른 잎': '18', '날카로운 화살촉': '14'}",45000
492,활,천공의 날개,70,"{'칼바람 울프의 부서진 이빨': '9', '지맥의 새싹': '14', '역전의 화살촉': '9'}",55000
493,활,천공의 날개,80,"{'칼바람 울프의 그리운 고향': '6', '지맥의 새싹': '27', '역전의 화살촉': '18'}",65000
494,활,아모스의 활,20,"{'라이언 투사의 족쇄': '5', '혼돈의 장치': '5', '슬라임 응축액': '3'}",10000
495,활,아모스의 활,40,"{'라이언 투사의 쇠사슬': '5', '혼돈의 장치': '18', '슬라임 응축액': '12'}",20000
496,활,아모스의 활,50,"{'라이언 투사의 쇠사슬': '9', '혼돈의 회로': '9', '슬라임청': '9'}",30000
497,활,아모스의 활,60,"{'라이언 투사의 수갑': '5', '혼돈의 회로': '18', '슬라임청': '14'}",45000
498,활,아모스의 활,70,"{'라이언 투사의 수갑': '9', '혼돈의 노심': '14', '슬라임 원액': '9'}",55000
499,활,아모스의 활,80,"{'라이언 투사의 이념': '6', '혼돈의 노심': '27', '슬라임 원액': '18'}",65000
500,활,종말 탄식의 노래,20,{'파일:원신-정사각-배경-.png': '2'},5000
501,활,종말 탄식의 노래,40,{'파일:원신-정사각-배경-.png': '8'},15000
502,활,종말 탄식의 노래,50,{'파일:원신-정사각-배경-.png': '6'},20000
503,활,종말 탄식의 노래,60,{'파일:원신-정사각-배경-.png': '9'},30000
504,활,종말 탄식의 노래,70,{'파일:원신-정사각-배경-.png': '6'},35000
505,활,종말 탄식의 노래,80,{'파일:원신-정사각-배경-.png': '12'},45000
506,활,페보니우스 활,20,"{'라이언 투사의 족쇄': '3', '혼돈의 장치': '3', '구라구라 꽃꿀': '2'}",5000
507,활,페보니우스 활,40,"{'라이언 투사의 쇠사슬': '3', '혼돈의 장치': '12', '구라구라 꽃꿀': '8'}",15000
508,활,페보니우스 활,50,"{'라이언 투사의 쇠사슬': '6', '혼돈의 회로': '6', '반짝반짝 꽃꿀': '6'}",20000
509,활,페보니우스 활,60,"{'라이언 투사의 수갑': '3', '혼돈의 회로': '12', '반짝반짝 꽃꿀': '9'}",30000
510,활,페보니우스 활,70,"{'라이언 투사의 수갑': '6', '혼돈의 노심': '9', '원소 꽃꿀': '6'}",35000
511,활,페보니우스 활,80,"{'라이언 투사의 이념': '4', '혼돈의 노심': '18', '원소 꽃꿀': '12'}",45000
512,활,절현,20,"{'고탑 왕의 잔해': '3', '무거운 나팔': '3', '견고한 화살촉': '2'}",5000
513,활,절현,40,"{'고탑 왕의 절망': '3', '무거운 나팔': '12', '견고한 화살촉': '8'}",15000
514,활,절현,50,"{'고탑 왕의 절망': '6', '흑동 나팔': '6', '날카로운 화살촉': '6'}",20000
515,활,절현,60,"{'고탑 왕의 조각': '3', '흑동 나팔': '12', '날카로운 화살촉': '9'}",30000
516,활,절현,70,"{'고탑 왕의 조각': '6', '흑수정 나팔': '9', '역전의 화살촉': '6'}",35000
517,활,절현,80,"{'고탑 왕의 깨진 꿈': '4', '흑수정 나팔': '18', '역전의 화살촉': '12'}",45000
518,활,제례활,20,"{'칼바람 울프의 젖니': '3', '지맥의 낡은 가지': '3', '슬라임 응축액': '2'}",5000
519,활,제례활,40,"{'칼바람 울프의 이빨': '3', '지맥의 낡은 가지': '12', '슬라임 응축액': '8'}",15000
520,활,제례활,50,"{'칼바람 울프의 이빨': '6', '지맥의 마른 잎': '6', '슬라임청': '6'}",20000
521,활,제례활,60,"{'칼바람 울프의 부서진 이빨': '3', '지맥의 마른 잎': '12', '슬라임청': '9'}",30000
522,활,제례활,70,"{'칼바람 울프의 부서진 이빨': '6', '지맥의 새싹': '9', '슬라임 원액': '6'}",35000
523,활,제례활,80,"{'칼바람 울프의 그리운 고향': '4', '지맥의 새싹': '18', '슬라임 원액': '12'}",45000
524,활,왕실의 장궁,20,"{'라이언 투사의 족쇄': '3', '혼돈의 장치': '3', '이능 두루마리': '2'}",5000
525,활,왕실의 장궁,40,"{'라이언 투사의 쇠사슬': '3', '혼돈의 장치': '12', '이능 두루마리': '8'}",15000
526,활,왕실의 장궁,50,"{'라이언 투사의 쇠사슬': '6', '혼돈의 회로': '6', '봉마의 두루마리': '6'}",20000
527,활,왕실의 장궁,60,"{'라이언 투사의 수갑': '3', '혼돈의 회로': '12', '봉마의 두루마리': '9'}",30000
528,활,왕실의 장궁,70,"{'라이언 투사의 수갑': '6', '혼돈의 노심': '9', '금주의 두루마리': '6'}",35000
529,활,왕실의 장궁,80,"{'라이언 투사의 이념': '4', '혼돈의 노심': '18', '금주의 두루마리': '12'}",45000
530,활,녹슨 활,20,"{'고운한림의 매끄러운 모래': '3', '사냥꾼의 제도': '3', '부서진 가면': '2'}",5000
531,활,녹슨 활,40,"{'고운한림의 휘암': '3', '사냥꾼의 제도': '12', '부서진 가면': '8'}",15000
532,활,녹슨 활,50,"{'고운한림의 휘암': '6', '특수 요원의 제도': '6', '오염된 가면': '6'}",20000
533,활,녹슨 활,60,"{'고운한림의 해골': '3', '특수 요원의 제도': '12', '오염된 가면': '9'}",30000
534,활,녹슨 활,70,"{'고운한림의 해골': '6', '검사관의 제도': '9', '불길한 가면': '6'}",35000
535,활,녹슨 활,80,"{'고운한림의 신체': '4', '검사관의 제도': '18', '불길한 가면': '12'}",45000
536,활,담월 프로토타입,20,"{'안개구름 속의 흑연단': '3', '안개꽃 가루': '3', '보물찾기 까마귀 휘장': '2'}",5000
537,활,담월 프로토타입,40,"{'안개구름 속의 수은단': '3', '안개꽃 가루': '12', '보물찾기 까마귀 휘장': '8'}",15000
538,활,담월 프로토타입,50,"{'안개구름 속의 수은단': '6', '안개풀 주머니': '6', '실버 까마귀 휘장': '6'}",20000
539,활,담월 프로토타입,60,"{'안개구름 속의 금단': '3', '안개풀 주머니': '12', '실버 까마귀 휘장': '9'}",30000
540,활,담월 프로토타입,70,"{'안개구름 속의 금단': '6', '안개 등심': '9', '골드 까마귀 휘장': '6'}",35000
541,활,담월 프로토타입,80,"{'안개구름 속의 전환': '4', '안개 등심': '18', '골드 까마귀 휘장': '12'}",45000
542,활,강철궁,20,"{'흑운철 한 알': '3', '약한 뼛조각': '3', '신병의 휘장': '2'}",5000
543,활,강철궁,40,"{'흑운철 조각': '3', '약한 뼛조각': '12', '신병의 휘장': '8'}",15000
544,활,강철궁,50,"{'흑운철 조각': '6', '단단한 뼛조각': '6', '사관의 휘장': '6'}",20000
545,활,강철궁,60,"{'흑운철 일각': '3', '단단한 뼛조각': '12', '사관의 휘장': '9'}",30000
546,활,강철궁,70,"{'흑운철 일각': '6', '석화한 뼛조각': '9', '위관의 휘장': '6'}",35000
547,활,강철궁,80,"{'흑운철 덩이': '4', '석화한 뼛조각': '18', '위관의 휘장': '12'}",45000
548,활,흑암 배틀 보우,20,"{'고운한림의 매끄러운 모래': '3', '사냥꾼의 제도': '3', '구라구라 꽃꿀': '2'}",5000
549,활,흑암 배틀 보우,40,"{'고운한림의 휘암': '3', '사냥꾼의 제도': '12', '구라구라 꽃꿀': '8'}",15000
550,활,흑암 배틀 보우,50,"{'고운한림의 휘암': '6', '특수 요원의 제도': '6', '반짝반짝 꽃꿀': '6'}",20000
551,활,흑암 배틀 보우,60,"{'고운한림의 해골': '3', '특수 요원의 제도': '12', '반짝반짝 꽃꿀': '9'}",30000
552,활,흑암 배틀 보우,70,"{'고운한림의 해골': '6', '검사관의 제도': '9', '원소 꽃꿀': '6'}",35000
553,활,흑암 배틀 보우,80,"{'고운한림의 신체': '4', '검사관의 제도': '18', '원소 꽃꿀': '12'}",45000
554,활,청록의 사냥활,20,"{'고탑 왕의 잔해': '3', '무거운 나팔': '3', '견고한 화살촉': '2'}",5000
555,활,청록의 사냥활,40,"{'고탑 왕의 절망': '3', '무거운 나팔': '12', '견고한 화살촉': '8'}",15000
556,활,청록의 사냥활,50,"{'고탑 왕의 절망': '6', '흑동 나팔': '6', '날카로운 화살촉': '6'}",20000
557,활,청록의 사냥활,60,"{'고탑 왕의 조각': '3', '흑동 나팔': '12', '날카로운 화살촉': '9'}",30000
558,활,청록의 사냥활,70,"{'고탑 왕의 조각': '6', '흑수정 나팔': '9', '역전의 화살촉': '6'}",35000
559,활,청록의 사냥활,80,"{'고탑 왕의 깨진 꿈': '4', '흑수정 나팔': '18', '역전의 화살촉': '12'}",45000
560,활,바람 꽃의 노래,20,"{'라이언 투사의 족쇄': '3', '지맥의 낡은 가지': '3', '구라구라 꽃꿀': '2'}",5000
561,활,바람 꽃의 노래,40,"{'라이언 투사의 쇠사슬': '3', '지맥의 낡은 가지': '12', '구라구라 꽃꿀': '8'}",15000
562,활,바람 꽃의 노래,50,"{'라이언 투사의 쇠사슬': '6', '지맥의 마른 잎': '6', '반짝반짝 꽃꿀': '6'}",20000
563,활,바람 꽃의 노래,60,"{'라이언 투사의 수갑': '3', '지맥의 마른 잎': '12', '반짝반짝 꽃꿀': '9'}",30000
564,활,바람 꽃의 노래,70,"{'라이언 투사의 수갑': '6', '지맥의 새싹': '9', '원소 꽃꿀': '6'}",35000
565,활,바람 꽃의 노래,80,"{'라이언 투사의 이념': '4', '지맥의 새싹': '18', '원소 꽃꿀': '12'}",45000
566,활,뒷골목 사냥꾼,20,{'파일:원신-정사각-배경-.png': '2'},5000
567,활,뒷골목 사냥꾼,40,{'파일:원신-정사각-배경-.png': '8'},15000
568,활,뒷골목 사냥꾼,50,{'파일:원신-정사각-배경-.png': '6'},20000
569,활,뒷골목 사냥꾼,60,{'파일:원신-정사각-배경-.png': '9'},30000
570,활,뒷골목 사냥꾼,70,{'파일:원신-정사각-배경-.png': '6'},35000
571,활,뒷골목 사냥꾼,80,{'파일:원신-정사각-배경-.png': '12'},45000
572,활,까마귀깃 활,20,"{'고탑 왕의 잔해': '2', '무거운 나팔': '2', '견고한 화살촉': '1'}",5000
573,활,까마귀깃 활,40,"{'고탑 왕의 절망': '2', '무거운 나팔': '8', '견고한 화살촉': '5'}",10000
574,활,까마귀깃 활,50,"{'고탑 왕의 절망': '4', '흑동 나팔': '4', '날카로운 화살촉': '4'}",15000
575,활,까마귀깃 활,60,"{'고탑 왕의 조각': '2', '흑동 나팔': '8', '날카로운 화살촉': '6'}",20000
576,활,까마귀깃 활,70,"{'고탑 왕의 조각': '4', '흑수정 나팔': '6', '역전의 화살촉': '4'}",25000
577,활,까마귀깃 활,80,"{'고탑 왕의 깨진 꿈': '3', '흑수정 나팔': '12', '역전의 화살촉': '8'}",30000
578,활,신궁의 서약,20,"{'칼바람 울프의 젖니': '2', '지맥의 낡은 가지': '2', '슬라임 응축액': '1'}",5000
579,활,신궁의 서약,40,"{'칼바람 울프의 이빨': '2', '지맥의 낡은 가지': '8', '슬라임 응축액': '5'}",10000
580,활,신궁의 서약,50,"{'칼바람 울프의 이빨': '4', '지맥의 마른 잎': '4', '슬라임청': '4'}",15000
581,활,신궁의 서약,60,"{'칼바람 울프의 부서진 이빨': '2', '지맥의 마른 잎': '8', '슬라임청': '6'}",20000
582,활,신궁의 서약,70,"{'칼바람 울프의 부서진 이빨': '4', '지맥의 새싹': '6', '슬라임 원액': '4'}",25000
583,활,신궁의 서약,80,"{'칼바람 울프의 그리운 고향': '3', '지맥의 새싹': '12', '슬라임 원액': '8'}",30000
584,활,곡궁,20,"{'라이언 투사의 족쇄': '2', '혼돈의 장치': '2', '이능 두루마리': '1'}",5000
585,활,곡궁,40,"{'라이언 투사의 쇠사슬': '2', '혼돈의 장치': '8', '이능 두루마리': '5'}",10000
586,활,곡궁,50,"{'라이언 투사의 쇠사슬': '4', '혼돈의 회로': '4', '봉마의 두루마리': '4'}",15000
587,활,곡궁,60,"{'라이언 투사의 수갑': '2', '혼돈의 회로': '8', '봉마의 두루마리': '6'}",20000
588,활,곡궁,70,"{'라이언 투사의 수갑': '4', '혼돈의 노심': '6', '금주의 두루마리': '4'}",25000
589,활,곡궁,80,"{'라이언 투사의 이념': '3', '혼돈의 노심': '12', '금주의 두루마리': '8'}",30000
590,활,탄궁,20,"{'고운한림의 매끄러운 모래': '2', '사냥꾼의 제도': '2', '부서진 가면': '1'}",5000
591,활,탄궁,40,"{'고운한림의 휘암': '2', '사냥꾼의 제도': '8', '부서진 가면': '5'}",10000
592,활,탄궁,50,"{'고운한림의 휘암': '4', '특수 요원의 제도': '4', '오염된 가면': '4'}",15000
593,활,탄궁,60,"{'고운한림의 해골': '2', '특수 요원의 제도': '8', '오염된 가면': '6'}",20000
594,활,탄궁,70,"{'고운한림의 해골': '4', '검사관의 제도': '6', '불길한 가면': '4'}",25000
595,활,탄궁,80,"{'고운한림의 신체': '3', '검사관의 제도': '12', '불길한 가면': '8'}",30000
596,활,전령,20,"{'안개구름 속의 흑연단': '2', '안개꽃 가루': '2', '보물찾기 까마귀 휘장': '1'}",5000
597,활,전령,40,"{'안개구름 속의 수은단': '2', '안개꽃 가루': '8', '보물찾기 까마귀 휘장': '5'}",10000
598,활,전령,50,"{'안개구름 속의 수은단': '4', '안개풀 주머니': '4', '실버 까마귀 휘장': '4'}",15000
599,활,전령,60,"{'안개구름 속의 금단': '2', '안개풀 주머니': '8', '실버 까마귀 휘장': '6'}",20000
600,활,전령,70,"{'안개구름 속의 금단': '4', '안개 등심': '6', '골드 까마귀 휘장': '4'}",25000
601,활,전령,80,"{'안개구름 속의 전환': '3', '안개 등심': '12', '골드 까마귀 휘장': '8'}",30000
602,활,노련의 사냥활,20,"{'칼바람 울프의 젖니': '1', '지맥의 낡은 가지': '1', '보물찾기 까마귀 휘장': '1'}",5000
603,활,노련의 사냥활,40,"{'칼바람 울프의 이빨': '1', '지맥의 낡은 가지': '5', '보물찾기 까마귀 휘장': '4'}",5000
604,활,노련의 사냥활,50,"{'칼바람 울프의 이빨': '3', '지맥의 마른 잎': '3', '실버 까마귀 휘장': '3'}",10000
605,활,노련의 사냥활,60,"{'칼바람 울프의 부서진 이빨': '1', '지맥의 마른 잎': '5', '실버 까마귀 휘장': '4'}",15000
606,활,사냥활,20,"{'칼바람 울프의 젖니': '1', '지맥의 낡은 가지': '1', '보물찾기 까마귀 휘장': '1'}",0
607,활,사냥활,40,"{'칼바람 울프의 이빨': '1', '지맥의 낡은 가지': '4', '보물찾기 까마귀 휘장': '2'}",5000
608,활,사냥활,50,"{'칼바람 울프의 이빨': '2', '지맥의 마른 잎': '2', '실버 까마귀 휘장': '2'}",5000
609,활,사냥활,60,"{'칼바람 울프의 부서진 이빨': '1', '지맥의 마른 잎': '4', '실버 까마귀 휘장': '3'}",10000
